-- Tabel Users
CREATE TABLE Users (
    user_id INT PRIMARY KEY AUTO_INCREMENT,
    email VARCHAR(255) UNIQUE NOT NULL,
    password VARCHAR(255) NOT NULL,
    created_at TIMESTAMP DEFAULT CURRENT_TIMESTAMP
);

-- Tabel Profiles
CREATE TABLE Profiles (
    profile_id INT PRIMARY KEY AUTO_INCREMENT,
    user_id INT UNIQUE,
    full_name VARCHAR(100) NOT NULL,
    headline VARCHAR(255),
    location VARCHAR(100),
    FOREIGN KEY (user_id) REFERENCES Users(user_id) ON DELETE CASCADE
);

-- Tabel Experience
CREATE TABLE Experience (
    exp_id INT PRIMARY KEY AUTO_INCREMENT,
    user_id INT,
    company_name VARCHAR(150),
    title VARCHAR(100),
    start_date DATE,
    end_date DATE,
    FOREIGN KEY (user_id) REFERENCES Users(user_id) ON DELETE CASCADE
);

-- Tabel Connections
CREATE TABLE Connections (
    connection_id INT PRIMARY KEY AUTO_INCREMENT,
    user_id_1 INT,
    user_id_2 INT,
    status ENUM('pending', 'accepted', 'blocked') DEFAULT 'pending',
    FOREIGN KEY (user_id_1) REFERENCES Users(user_id),
    FOREIGN KEY (user_id_2) REFERENCES Users(user_id)
);

-- Tabel Posts
CREATE TABLE Posts (
    post_id INT PRIMARY KEY AUTO_INCREMENT,
    user_id INT,
    content TEXT NOT NULL,
    created_at TIMESTAMP DEFAULT CURRENT_TIMESTAMP,
    FOREIGN KEY (user_id) REFERENCES Users(user_id) ON DELETE CASCADE
);


INSERT INTO Users (user_id, email, password, created_at) VALUES
(1, 'budi.santoso@email.com', '$2y$10$92IXUNpkjO0rOQ5byMi.Ye', '2026-01-01 08:00:00'),
(2, 'ani.lestari@email.com', '$2y$10$92IXUNpkjO0rOQ5byMi.Ye', '2026-01-01 09:15:00'),
(3, 'citra.permata@email.com', '$2y$10$92IXUNpkjO0rOQ5byMi.Ye', '2026-01-02 10:30:00'),
(4, 'dedi.kurniawan@email.com', '$2y$10$92IXUNpkjO0rOQ5byMi.Ye', '2026-01-02 11:45:00'),
(5, 'eko.prasetyo@email.com', '$2y$10$92IXUNpkjO0rOQ5byMi.Ye', '2026-01-03 13:00:00'),
(6, 'fany.maharani@email.com', '$2y$10$92IXUNpkjO0rOQ5byMi.Ye', '2026-01-03 14:20:00'),
(7, 'gilang.ramadhan@email.com', '$2y$10$92IXUNpkjO0rOQ5byMi.Ye', '2026-01-04 15:10:00'),
(8, 'hana.septiana@email.com', '$2y$10$92IXUNpkjO0rOQ5byMi.Ye', '2026-01-04 16:05:00'),
(9, 'indra.wijaya@email.com', '$2y$10$92IXUNpkjO0rOQ5byMi.Ye', '2026-01-05 07:30:00'),
(10, 'joko.susilo@email.com', '$2y$10$92IXUNpkjO0rOQ5byMi.Ye', '2026-01-05 08:45:00'),
(11, 'kartika.sari@email.com', '$2y$10$92IXUNpkjO0rOQ5byMi.Ye', '2026-01-06 09:00:00'),
(12, 'lukman.hakim@email.com', '$2y$10$92IXUNpkjO0rOQ5byMi.Ye', '2026-01-06 10:15:00'),
(13, 'maya.putri@email.com', '$2y$10$92IXUNpkjO0rOQ5byMi.Ye', '2026-01-07 11:20:00'),
(14, 'nanda.pratama@email.com', '$2y$10$92IXUNpkjO0rOQ5byMi.Ye', '2026-01-07 12:40:00'),
(15, 'onny.setiawan@email.com', '$2y$10$92IXUNpkjO0rOQ5byMi.Ye', '2026-01-08 13:55:00'),
(16, 'putu.gede@email.com', '$2y$10$92IXUNpkjO0rOQ5byMi.Ye', '2026-01-08 14:10:00'),
(17, 'qori.annisa@email.com', '$2y$10$92IXUNpkjO0rOQ5byMi.Ye', '2026-01-09 15:30:00'),
(18, 'rizky.febian@email.com', '$2y$10$92IXUNpkjO0rOQ5byMi.Ye', '2026-01-09 16:45:00'),
(19, 'sari.wangi@email.com', '$2y$10$92IXUNpkjO0rOQ5byMi.Ye', '2026-01-10 08:00:00'),
(20, 'taufiq.hidayat@email.com', '$2y$10$92IXUNpkjO0rOQ5byMi.Ye', '2026-01-10 09:15:00'),
(21, 'umar.bakri@email.com', '$2y$10$92IXUNpkjO0rOQ5byMi.Ye', '2026-01-11 10:20:00'),
(22, 'vina.panduwinata@email.com', '$2y$10$92IXUNpkjO0rOQ5byMi.Ye', '2026-01-11 11:35:00'),
(23, 'wawan.setiawan@email.com', '$2y$10$92IXUNpkjO0rOQ5byMi.Ye', '2026-01-12 12:50:00'),
(24, 'xena.warrior@email.com', '$2y$10$92IXUNpkjO0rOQ5byMi.Ye', '2026-01-12 14:00:00'),
(25, 'yayan.ruhian@email.com', '$2y$10$92IXUNpkjO0rOQ5byMi.Ye', '2026-01-13 15:15:00'),
(26, 'zaskia.gotik@email.com', '$2y$10$92IXUNpkjO0rOQ5byMi.Ye', '2026-01-13 16:30:00'),
(27, 'agus.kotak@email.com', '$2y$10$92IXUNpkjO0rOQ5byMi.Ye', '2026-01-14 07:45:00'),
(28, 'bella.shofie@email.com', '$2y$10$92IXUNpkjO0rOQ5byMi.Ye', '2026-01-14 08:55:00'),
(29, 'caca.handika@email.com', '$2y$10$92IXUNpkjO0rOQ5byMi.Ye', '2026-01-15 10:10:00'),
(30, 'didi.kempot@email.com', '$2y$10$92IXUNpkjO0rOQ5byMi.Ye', '2026-01-15 11:25:00'),
(31, 'ery.mulyana@email.com', '$2y$10$92IXUNpkjO0rOQ5byMi.Ye', '2026-01-16 12:40:00'),
(32, 'fitri.tropica@email.com', '$2y$10$92IXUNpkjO0rOQ5byMi.Ye', '2026-01-16 13:50:00'),
(33, 'gading.marten@email.com', '$2y$10$92IXUNpkjO0rOQ5byMi.Ye', '2026-01-17 14:15:00'),
(34, 'hesti.purwadinata@email.com', '$2y$10$92IXUNpkjO0rOQ5byMi.Ye', '2026-01-17 15:30:00'),
(35, 'isiana.saraswati@email.com', '$2y$10$92IXUNpkjO0rOQ5byMi.Ye', '2026-01-18 16:45:00'),
(36, 'judika.sihotang@email.com', '$2y$10$92IXUNpkjO0rOQ5byMi.Ye', '2026-01-18 17:00:00'),
(37, 'krisdayanti@email.com', '$2y$10$92IXUNpkjO0rOQ5byMi.Ye', '2026-01-19 08:20:00'),
(38, 'luna.maya@email.com', '$2y$10$92IXUNpkjO0rOQ5byMi.Ye', '2026-01-19 09:35:00'),
(39, 'melly.goeslaw@email.com', '$2y$10$92IXUNpkjO0rOQ5byMi.Ye', '2026-01-20 10:50:00'),
(40, 'najwa.shihab@email.com', '$2y$10$92IXUNpkjO0rOQ5byMi.Ye', '2026-01-20 11:05:00'),
(41, 'onadio.leonardo@email.com', '$2y$10$92IXUNpkjO0rOQ5byMi.Ye', '2026-01-21 12:20:00'),
(42, 'pasha.ungu@email.com', '$2y$10$92IXUNpkjO0rOQ5byMi.Ye', '2026-01-21 13:35:00'),
(43, 'raffi.ahmad@email.com', '$2y$10$92IXUNpkjO0rOQ5byMi.Ye', '2026-01-22 14:50:00'),
(44, 'syahrini@email.com', '$2y$10$92IXUNpkjO0rOQ5byMi.Ye', '2026-01-22 15:10:00'),
(45, 'tora.sudiro@email.com', '$2y$10$92IXUNpkjO0rOQ5byMi.Ye', '2026-01-23 16:25:00'),
(46, 'uus.komedian@email.com', '$2y$10$92IXUNpkjO0rOQ5byMi.Ye', '2026-01-23 17:40:00'),
(47, 'vicky.prasetyo@email.com', '$2y$10$92IXUNpkjO0rOQ5byMi.Ye', '2026-01-24 08:55:00'),
(48, 'wulan.guritno@email.com', '$2y$10$92IXUNpkjO0rOQ5byMi.Ye', '2026-01-24 09:10:00'),
(49, 'yuni.shara@email.com', '$2y$10$92IXUNpkjO0rOQ5byMi.Ye', '2026-01-25 10:25:00'),
(50, 'ziva.magnolya@email.com', '$2y$10$92IXUNpkjO0rOQ5byMi.Ye', '2026-01-25 11:40:00');

INSERT INTO Profiles (profile_id, user_id, full_name, headline, location) VALUES
(1, 1, 'Budi Santoso', 'Senior Backend Developer at Tech Corp', 'Jakarta'),
(2, 2, 'Ani Lestari', 'HR Specialist & Career Coach', 'Bandung'),
(3, 3, 'Citra Permata', 'Data Scientist | Machine Learning Enthusiast', 'Surabaya'),
(4, 4, 'Dedi Kurniawan', 'IT Project Manager', 'Medan'),
(5, 5, 'Eko Prasetyo', 'Fullstack Developer | React & Node.js', 'Yogyakarta'),
(6, 6, 'Fany Maharani', 'UI/UX Designer at Creative Studio', 'Semarang'),
(7, 7, 'Gilang Ramadhan', 'DevOps Engineer | AWS Certified', 'Jakarta'),
(8, 8, 'Hana Septiana', 'Frontend Specialist', 'Bandung'),
(9, 9, 'Indra Wijaya', 'Chief Technology Officer at Startup.inc', 'Bali'),
(10, 10, 'Joko Susilo', 'QA Automation Engineer', 'Surakarta'),
(11, 11, 'Kartika Sari', 'Mobile Developer (Android/iOS)', 'Malang'),
(12, 12, 'Lukman Hakim', 'Cyber Security Analyst', 'Jakarta'),
(13, 13, 'Maya Putri', 'Digital Marketing Expert', 'Tangerang'),
(14, 14, 'Nanda Pratama', 'Junior Web Developer', 'Bogor'),
(15, 15, 'Onny Setiawan', 'Software Architect', 'Depok'),
(16, 16, 'Putu Gede', 'Cloud Engineer', 'Denpasar'),
(17, 17, 'Qori Annisa', 'Product Owner', 'Jakarta'),
(18, 18, 'Rizky Febian', 'Systems Analyst', 'Bandung'),
(19, 19, 'Sari Wangi', 'Database Administrator', 'Bekasi'),
(20, 20, 'Taufiq Hidayat', 'Network Engineer', 'Palembang'),
(21, 21, 'Umar Bakri', 'Lecturer in Computer Science', 'Padang'),
(22, 22, 'Vina Panduwinata', 'Scrum Master', 'Jakarta'),
(23, 23, 'Wawan Setiawan', 'Game Developer (Unity)', 'Bandung'),
(24, 24, 'Xena Warrior', 'Embedded Systems Engineer', 'Surabaya'),
(25, 25, 'Yayan Ruhian', 'Action Director & Programmer', 'Jakarta'),
(26, 26, 'Zaskia Gotik', 'Public Relations Specialist', 'Bekasi'),
(27, 27, 'Agus Kotak', 'Business Development Manager', 'Tangerang'),
(28, 28, 'Bella Shofie', 'Content Creator & Influencer', 'Jakarta'),
(29, 29, 'Caca Handika', 'Operations Manager', 'Bandung'),
(30, 30, 'Didi Kempot', 'Culture & Engagement Lead', 'Surakarta'),
(31, 31, 'Ery Mulyana', 'Application Security Researcher', 'Cimahi'),
(32, 32, 'Fitri Tropica', 'Social Media Strategist', 'Jakarta'),
(33, 33, 'Gading Marten', 'Creative Director', 'Jakarta'),
(34, 34, 'Hesti Purwadinata', 'Event Organizer Professional', 'Tangerang Selatan'),
(35, 35, 'Isiana Saraswati', 'Vocal Coach & Musician', 'Bandung'),
(36, 36, 'Judika Sihotang', 'Sound Engineer', 'Medan'),
(37, 37, 'Krisdayanti', 'Corporate Communication Lead', 'Jakarta'),
(38, 38, 'Luna Maya', 'Business Owner', 'Bali'),
(39, 39, 'Melly Goeslaw', 'Songwriter & Tech Enthusiast', 'Jakarta'),
(40, 40, 'Najwa Shihab', 'Journalist & Founder', 'Jakarta'),
(41, 41, 'Onadio Leonardo', 'Radio Announcer & Creative', 'Jakarta'),
(42, 42, 'Pasha Ungu', 'Public Administration Lead', 'Palu'),
(43, 43, 'Raffi Ahmad', 'Entrepreneur & Investor', 'Jakarta'),
(44, 44, 'Syahrini', 'Marketing Consultant', 'Bogor'),
(45, 45, 'Tora Sudiro', 'Video Editor', 'Jakarta'),
(46, 46, 'Uus Komedian', 'Copywriter', 'Tangerang'),
(47, 47, 'Vicky Prasetyo', 'Strategy Planner', 'Bekasi'),
(48, 48, 'Wulan Guritno', 'Health & Wellness Consultant', 'Jakarta'),
(49, 49, 'Yuni Shara', 'Human Resources Manager', 'Jakarta'),
(50, 50, 'Ziva Magnolya', 'Customer Success Representative', 'Jakarta');


INSERT INTO Posts (user_id, content, created_at) VALUES
(1, 'Sangat senang bisa bergabung dengan tim baru sebagai Senior Developer!', '2026-02-01 09:00:00'),
(1, 'Hari kedua di kantor baru, lingkungannya sangat suportif.', '2026-02-02 10:00:00'),
(1, 'Berbagi tips setup VS Code untuk produktivitas maksimal.', '2026-02-05 15:00:00'),
(2, 'Tips sukses interview: Selalu riset budaya perusahaan.', '2026-02-01 10:30:00'),
(2, 'Pentingnya update CV setahun sekali meskipun tidak sedang cari kerja.', '2026-02-10 11:00:00'),
(2, 'Membuka lowongan untuk posisi Internship HR. Cek profil saya!', '2026-02-15 09:00:00'),
(3, 'Baru saja menyelesaikan kursus Data Science di Coursera.', '2026-02-02 11:15:00'),
(3, 'Visualisasi data menggunakan Python ternyata sangat powerful.', '2026-02-12 13:00:00'),
(4, 'Apakah remote work masih efektif di tahun 2026?', '2026-02-02 14:00:00'),
(4, 'Manajemen proyek menggunakan Scrum di era AI.', '2026-02-18 10:00:00'),
(5, 'Mencari kandidat Fullstack Developer untuk tim saya.', '2026-02-03 08:45:00'),
(5, 'Review jujur menggunakan Framework Next.js di proyek besar.', '2026-02-20 16:00:00'),
(6, 'Pentingnya menjaga work-life balance.', '2026-02-03 16:20:00'),
(7, 'Terima kasih kepada mentor saya atas arahannya.', '2026-02-04 09:10:00'),
(8, 'React vs Vue di tahun 2026, mana pilihanmu?', '2026-02-04 13:00:00'),
(9, 'Menghadiri konferensi teknologi di Jakarta hari ini.', '2026-02-05 10:00:00'),
(10, 'Kegagalan adalah bagian dari proses belajar.', '2026-02-05 15:30:00'),
(11, 'Bangga bisa berkontribusi dalam proyek open source.', '2026-02-06 08:00:00'),
(12, 'Tips mencegah SQL Injection pada aplikasi.', '2026-02-06 11:45:00'),
(13, 'Soft skills sama pentingnya dengan hard skills.', '2026-02-07 09:20:00'),
(14, 'Launch aplikasi mobile pertama saya di Play Store!', '2026-02-07 14:40:00'),
(15, 'Apa pencapaian terbesarmu minggu ini?', '2026-02-08 17:00:00'),
(16, 'Panduan belajar Docker untuk pemula.', '2026-02-09 10:15:00'),
(17, 'Networking adalah kunci pertumbuhan karier.', '2026-02-09 13:25:00'),
(18, 'Diskusi seru tentang AI di kantor hari ini.', '2026-02-10 09:50:00'),
(19, 'Terima kasih yang sudah hadir di webinar tadi.', '2026-02-10 16:10:00'),
(20, 'Cara mengelola stres saat deadline proyek.', '2026-02-11 08:30:00'),
(21, 'Mengapa dokumentasi kode itu wajib?', '2026-02-11 11:00:00'),
(22, 'Sertifikasi Cloud Architect berhasil didapatkan!', '2026-02-12 14:20:00'),
(23, 'Lagi cari referensi desain UI/UX e-commerce.', '2026-02-12 15:55:00'),
(24, 'Keamanan data adalah prioritas utama.', '2026-02-13 07:45:00'),
(25, 'Update LinkedIn profile untuk personal branding.', '2026-02-13 10:10:00'),
(26, 'Selamat hari Senin! Tetap semangat.', '2026-02-14 08:00:00'),
(27, 'Cara optimasi query SQL yang lambat.', '2026-02-14 13:30:00'),
(28, 'Bertemu teman lama di acara networking.', '2026-02-15 16:45:00'),
(29, 'Pengalaman pertama presentasi depan stakeholder.', '2026-02-15 11:20:00'),
(30, 'Pentingnya unit testing dalam software.', '2026-02-16 09:15:00'),
(31, 'Hobi coding di waktu luang menenangkan.', '2026-02-16 20:00:00'),
(32, 'Belajar bahasa pemrograman baru itu seru.', '2026-02-17 10:05:00'),
(33, 'Update terbaru framework favorit.', '2026-02-17 14:30:00'),
(34, 'Jangan lupa istirahat agar mata tidak lelah.', '2026-02-18 15:50:00'),
(35, 'Buku apa yang mengubah cara pandangmu?', '2026-02-18 17:15:00'),
(36, 'Memahami konsep microservices skala besar.', '2026-02-19 08:40:00'),
(37, 'Kolaborasi tim adalah kunci sukses.', '2026-02-19 11:10:00'),
(38, 'Mengenal Clean Architecture.', '2026-02-20 09:30:00'),
(39, 'Suka duka menjadi Project Manager.', '2026-02-20 13:00:00'),
(40, 'Integrasi API kini jadi lebih mudah.', '2026-02-21 10:45:00'),
(41, 'Persiapan rilis versi beta besok pagi.', '2026-02-21 22:00:00'),
(42, 'Memberikan feedback konstruktif ke tim.', '2026-02-22 14:15:00');
